id,titulo,popularidade,nota,votos,data_lancamento,descricao
1033462,749局,470.2154,5.571,35,2024-10-01,
1419406,A Sombra Do Perigo,449.5069,6.281,114,2025-08-16,A polícia de Macau remove o policial que é especialista em rastrear a aposentadoria para ajudar a capturar um grupo perigoso de ladrões profissionais.
1363123,Plano em Família 2,405.8007,6.791,187,2025-11-11,"Agora que os dias de assassino de Dan ficaram para trás, tudo o que ele quer no Natal é passar um tempo de qualidade com os filhos. Mas quando descobre que a filha tem seus próprios planos, ele marca uma viagem em família para Londres, colocando todos na mira de um inimigo inesperado."
1309012,Altered,326.3552,6.471,34,2025-09-18,"Num presente alternativo, humanos geneticamente aprimorados dominam a sociedade. Os párias Leon e Chloe lutam por justiça contra políticos corruptos que exploram a disparidade genética, arriscando tudo para desafiar o sistema opressor."
1084242,Zootopia 2,322.0511,7.548,62,2025-11-26,Os detetives Judy Hopps e Nick Wilde se encontram na trilha sinuosa de um réptil misterioso que chega a Zootopia e vira a metrópole dos mamíferos de cabeça para baixo.
1062722,Frankenstein,248.039,7.768,1888,2025-10-17,"Dr. Victor Frankenstein, um cientista brilhante, mas egoísta, dá vida a uma criatura em um experimento monstruoso que acaba levando à ruína tanto do criador quanto de sua trágica criação."
967941,Wicked: Parte II,225.8664,6.8,261,2025-11-19,"Elphaba, agora demonizada como a Bruxa Má do Oeste, vive no exílio, escondida na floresta de Oz, e tenta desesperadamente expor a verdade que conhece sobre o Mágico. Enquanto isso, Glinda se tornou o glamouroso símbolo da bondade para todo o reino de Oz e desfruta das vantagens da fama e da popularidade. Quando uma multidão enfurecida se ergue contra a Bruxa Má, Glinda e Elphaba vão precisar se unir uma última vez."
1054867,Uma Batalha Após a Outra,180.0008,7.5,1660,2025-09-23,"Bob, um revolucionário fracassado, vive chapado e em um estado de paranoia, sobrevivendo isolado com Willa, sua filha espirituosa e independente. Quando seu perverso arqui-inimigo ressurge após 16 anos e ela desaparece, o ex-radical corre para encontrá-la, pai e filha tendo que enfrentar as consequências do passado dele."
1116465,A Lenda: Em Busca do Medalhão Sagrado,179.7004,6.769,104,2024-07-05,"Um arqueólogo descobriu relíquias em uma geleira que se assemelhavam a um pingente de jade dos sonhos, o que levou ele e sua equipe a explorar as profundezas da geleira."
1426968,Ya no quedan junglas,170.7684,6.136,11,2025-09-26,
1208561,A Arte das Oito Armas,169.0676,6.019,27,2024-08-16,Um agente dos EUA se disfarça em um campo de treinamento de artes marciais suspeito de ser uma cobertura para armas químicas.
1242898,Predador: Terras Selvagens,168.9922,7.428,458,2025-11-05,"No futuro, em um planeta remoto, um jovem Predador, rejeitado por seu clã, encontra em Thia uma aliada improvável e embarca em uma jornada traiçoeira em busca do adversário supremo."
1539104,JUJUTSU KAISEN: Execução,168.7133,4.229,35,2025-11-07,"Yuji Itadori, acompanhado por seus colegas de classe e outros feiticeiros jujutsu de alto nível, entra na briga em um confronto sem precedentes de maldições: o Incidente de Shibuya. No rescaldo, dez colônias em todo o Japão são transformadas em antros de maldições em um plano orquestrado por Noritoshi Kamo, o feiticeiro mais perverso da história."
755898,A Guerra dos Mundos,166.687,4.295,754,2025-07-29,"Will Radford é um renomado analista de cibersegurança do Departamento de Segurança Interna dos Estados Unidos, encarregado de rastrear possíveis ameaças à segurança nacional por meio de um programa de vigilância em massa. No entanto, um ataque inesperado por uma entidade desconhecida o leva a suspeitar que o governo esteja escondendo algo dele… e do restante do mundo."
1433719,High Ground: Cerco Fechado,164.0787,5.79,31,2025-03-17,"Quando um misterioso prisioneiro chega à sua prisão, um xerife de uma cidade fronteiriça enfrenta a ira de um cartel brutal neste thriller repleto de ação."
1196573,Fuga Fatal,131.8899,6.975,61,2025-07-31,"Após anos na prisão, Nate (Egerton) fez inimigos perigosos - incluindo a poderosa gangue para a qual trabalhava lá dentro. Tentando recomeçar, ele corta laços com o grupo ao sair, mas a gangue se vinga colocando a família dele na mira. Nate então foge com Polly, a filha tímida de dez anos que ele mal conhece, para mantê-la em segurança."
1481331,Nahual,130.2622,3.2,8,2025-02-06,
425274,Truque de Mestre: O 3° Ato,129.3633,6.282,261,2025-11-12,"Os Quatro Cavaleiros estão de volta com uma nova geração de ilusionistas e uma trama cheia de reviravoltas, mágicas e surpresas, em um truque que envolve a joia mais valiosa do mundo."
1248226,Um Dia Fora de Controle,127.8036,6.111,305,2025-11-05,"Quando o contador desempregado Brian leva seu filho para brincar com o filho de Jeff, pai que fica em casa, ele espera um dia tranquilo. Em vez disso, eles acabam perseguidos por mercenários, e Brian — totalmente despreparado — precisa sobreviver a um obstáculo absurdo atrás do outro. A vida de pai de família vira um caos de filme de ação nesta aventura hilária."
1311031,Demon Slayer: Kimetsu no Yaiba Castelo Infinito,127.2527,7.592,578,2025-07-18,"Enquanto os membros dos caçadores e os Hashira participavam de um rigoroso programa de fortalecimento coletivo, conhecido como Treinamento dos Hashira, em preparação para a batalha final contra os demônios, Muzan Kibutsuji aparece na Mansão Ubuyashiki. Com a vida do líder da organização em risco, Tanjiro e os Hashira correm até o quartel-general, mas acabam sendo lançados, pelas mãos de Muzan, em uma queda profunda rumo a um espaço misterioso para um confronto final, o Castelo Infinito."
701387,Bugonia,115.3428,7.6,443,2025-10-23,"Dois jovens obcecados por teorias da conspiração sequestram a poderosa CEO de uma grande empresa, convencidos de que ela é uma alienígena com a intenção de destruir o planeta Terra."
203101,学園黙示録 HIGHSCHOOL OF THE DEAD ドリフターズ・オブ・ザ・デッド,112.3367,7.444,471,2011-04-25,
1197137,O Telefone Preto 2,111.4509,6.848,606,2025-10-15,"Quatro anos após escapar de The Grabber, Finney Blake luta com sua vida após o cativeiro. Quando sua irmã Gwen começa a receber ligações em sonhos do telefone preto e a ter visões perturbadoras de três garotos sendo perseguidos em um acampamento de inverno conhecido como Alpine Lake, os irmãos se determinam a desvendar o mistério e confrontar um assassino que se tornou mais poderoso na morte e mais significativo para eles do que qualquer um poderia imaginar."
1128650,O Promotor,110.1503,6.8,146,2024-12-08,Um jovem pobre é injustamente acusado de tráfico de drogas após ser enganado. Um ex-promotor investiga o caso e descobre o esquema de uma equipe de advogados corruptos.
1084222,Caçada Sangrenta,106.0029,6.734,47,2024-12-12,"Um grupo de militares é enviado a uma ilha do Pacífico para investigar o desaparecimento de fuzileiros, possivelmente capturados pelo Exército Imperial Japonês. No entanto, o grupo descobre que os fuzileiros foram massacrados por lobisomens e terão que lutar contra eles se quiserem sobreviver."
1241983,Sonhos de Trem,104.7815,7.4,133,2025-11-05,Um lenhador leva uma vida tranquila enquanto lida com o amor e a perda em uma época de profundas transformações nos Estados Unidos do começo do século XX.
1327862,Se Não Fosse Você,98.1683,7.089,95,2025-10-22,"Morgan Grant e sua filha Clara precisam lidar com o que ficou após um acidente devastador revelar uma traição chocante e forçá-las a confrontar segredos da família, redefinir o amor e se redescobrir."
1244531,Beast of War,98.0156,6.4,42,2025-09-18,
1026821,大雨,94.3665,6.0,14,2024-01-12,
803796,Guerreiras do K-Pop,89.9981,8.213,1947,2025-06-20,"Quando não estão lotando estádios, as estrelas do K-pop Rumi, Mira e Zoey usam seus poderes secretos para proteger os fãs contra ameaças sobrenaturais."
1296504,Stand Your Ground,89.7748,4.614,57,2025-05-09,"O ex-agente das Forças Especiais, Jack Johnson, usa a lei Stand Your Ground para se vingar do assassinato de sua esposa, iniciando uma guerra brutal contra a família de um criminoso local e terminando em um confronto explosivo."
1280518,Laberinto de sombras,89.0386,4.5,2,2024-05-10,
7451,Triplo X,87.9906,5.976,4674,2002-08-09,"O ex-atleta de esportes extremos Xander ""XXX"" Cage, famoso por suas acrobacias que desafiam a morte, é convencido de que pode ter sucesso em ações que espiões convencionais falharam. Xander é recrutado pelo agente Gibbons para se tornar um tipo diferente de agente secreto. Agora, em uma perigosa missão, ele precisa usar todas as suas habilidades para combater um inimigo mortal."
1218925,Chainsaw Man – O Filme: Arco da Reze,86.68,7.828,218,2025-09-19,"Denji finalmente vive como o temido Homem-Motosserra, um jovem com coração de demônio que integra a Divisão Especial 4 de Caçadores de Demônios. Depois de um encontro marcante com Makima, a mulher de seus sonhos, ele busca refúgio da chuva e acaba conhecendo Reze, a misteriosa atendente de um café."
937941,Terror em Shelby Oaks,81.2679,5.738,84,2025-10-02,"Acompanhe a busca desesperada de Mia por sua irmã desaparecida, Riley, uma youtuber famosa por investigar o paranormal. A obsessão de Mia recomeça quando ela recebe uma fita misteriosa com indícios de que Riley ainda pode estar viva. A partir daí, ela mergulha em uma espiral de horror de um mal desconhecido, repleta de revelações perturbadoras e uma atmosfera sufocante."
402431,Wicked,75.1887,6.9,2599,2024-11-20,"Elphaba é uma jovem como outra qualquer do Reino de Oz, mas incompreendida por causa de sua pele verde incomum e por ainda não ter descoberto seu verdadeiro poder. Sua rotina é tranquila e pouco interessante, mas ao iniciar seus estudos na Universidade de Shiz, seu destino encontra Glinda, uma jovem popular e ambiciosa, nascida em berço de ouro, que só quer garantir seus privilégios e ainda não conhece sua verdadeira alma. As duas iniciam uma inesperada amizade; no entanto, suas diferenças, como o desejo de Glinda pela popularidade e poder, e a determinação de Elphaba em permanecer fiel a si mesma, entram no caminho, o que pode perpetuar no futuro de cada uma e em como as pessoas de Oz as enxergam."
1130276,O Jogo da Tentação,74.6989,8.997,190,2024-10-06,"Um rapaz, que acabou de se tornar pai e luta contra a fadiga, inseguranças emocionais e um casamento fracassado, se inscreve em um aplicativo de namoro e encontra uma jovem atraente, que parece ter poderes inumanos."
1468417,Antes da Lua Cheia,74.4937,4.021,47,2025-05-06,"Uma jovem garçonete é sequestrada por um culto religioso, que está determinado a curá-la da maldição do lobisomem, um vírus sexualmente transmissível, ou matá-la no processo. Para sobreviver, ela precisa escapar antes da primeira lua cheia."
1038392,Invocação do Mal - O Último Ritual,70.5106,6.978,1359,2025-09-03,"Neste último capítulo, os Warren enfrentam mais um caso aterrorizante, desta vez envolvendo entidades misteriosas que desafiam sua experiência. Ed (Patrick Wilson) e Lorraine (Vera Farmiga) se veem obrigados a encarar seus maiores medos, colocando suas vidas em risco em uma batalha final contra forças malignas."
1265063,Depois da Caçada,68.1231,5.989,224,2025-10-09,"Uma professora universitária (Julia Roberts) enfrenta um grande desafio quando uma estudante (Ayo Edebiri) acusa gravemente um professor (Andrew Garfield), e um segredo obscuro do seu próprio passado ameaça vir à tona."
1429738,Tee Yai: Nascido para o Mal,66.4793,4.8,35,2025-11-12,"Na Bangkok da década de 1980, um ladrão astuto comete uma série de assaltos ousados, impressionando as autoridades e o público. Até que um policial decide ir atrás dele."
1214140,Orang Ikan,56.6907,5.72,75,2025-05-08,"No Pacífico, em 1944, um soldado japonês e um prisioneiro de guerra britânico estão presos em uma ilha deserta, caçados por uma criatura mortal. Dois inimigos mortais precisam se unir para sobreviver ao desconhecido."
269149,Zootopia: Essa Cidade é o Bicho,60.4475,7.753,17108,2016-02-11,"Em uma cidade de animais antropomórficos, uma raposa fugitiva vigarista e um coelho policial recruta precisam trabalhar juntos para desvendar uma conspiração."
203101,学園黙示録 HIGHSCHOOL OF THE DEAD ドリフターズ・オブ・ザ・デッド,112.3367,7.444,471,2011-04-25,
1237082,31 Minutos: Natal Escaldante,59.3751,8.25,12,2025-11-19,"Bodoque parte rumo ao Polo Norte em busca dos presentes de Natal para Titirilquén, mas sua compulsão por apostas gera problemas. No estúdio, Mario Hugo enfrenta desafios ao tentar realizar um show natalino."
1223601,Sisu: Estrada para a Vingança,58.5764,7.52,25,2025-10-21,"Ao retornar à casa onde sua família foi brutalmente assassinada durante a guerra, ""o homem que se recusa a morrer"" a desmonta, carrega seus destroços em um caminhão e está determinado a reconstruí-la em algum lugar seguro em sua homenagem. Quando o comandante do Exército Vermelho que matou sua família retorna, decidido a terminar o serviço, inicia-se uma perseguição implacável e alucinante por todo o país — uma luta até a morte."
1242419,O Bom Bandido,58.2899,7.182,212,2025-10-08,"Um criminoso carismático durante sua fuga da polícia, assume uma nova identidade e começa a trabalhar em uma loja de brinquedos. Lá, se envolve com uma funcionária e inicia um romance inesperado. Mas quando seu passado ameaça vir à tona, os dois se veem diante de escolhas que podem mudar o destino de suas vidas para sempre."
575265,Missão: Impossível - O Acerto Final,57.3538,7.257,2115,2025-05-17,"Depois de escapar de um acidente de trem calamitoso, Ethan percebe que a Entidade está escondida a bordo de um antigo submarino russo, mas um inimigo do seu passado chamado Gabriel também está no encalço."
1025527,A Perseguição,52.393,5.873,80,2024-12-11,"Anos depois de não conseguir resolver o assassinato de uma jovem, um detetetive se vê obrigado a reabrir o caso quando um crime semelhante acontece. Faltando apenas 6 dias para o caso ser definitivamente arquivado, ele sente o dever de solucioná-lo e evitar que outra criança sofra o mesmo destino."
1161617,Code 3,56.4383,6.701,127,2025-09-12,
1214130,Frankie e os Monstros,49.0969,6.8,12,2025-10-16,"O filme acompanha Frankie, um ""cabeça de costura"" criado por um cientista maluco em um castelo isolado. Embora tenha sido feito para ser dócil e temer os humanos, ele decide enfrentar seu maior medo: deixar o castelo e descobrir o mundo real, ao lado de outros monstros."
639988,Sem Outra Escolha,55.8041,7.8,56,2025-09-24,"Depois de ficar desempregado por vários anos, um homem elabora um plano único para conseguir um novo emprego: eliminar sua concorrência."
798645,O Sobrevivente,55.3684,6.811,201,2025-11-11,"Em um futuro próximo, ""O Sobrevivente"" é o show de maior audiência na televisão – uma competição mortal onde os participantes precisam sobreviver 30 dias enquanto são caçados por assassinos profissionais. Cada passo é transmitido a um público sedento por sangue e cada dia sobrevivido aumenta o prêmio em dinheiro para o vencedor."
1511789,Capitão Hook: A Maldição das Marés,54.0408,4.975,40,2025-07-11,"Após uma derrota devastadora sofrida por seu arquiinimigo, Almirante Smee, o notório Capitão James Hook encontra refúgio na cidade costeira de Eldritch Landing, onde forma uma aliança improvável com Silas Blackweather, um ferreiro local em busca de vingança pelo assassinato de sua irmã. Enquanto eles fogem dos soldados casacas vermelhas de Smee na densa floresta da ilha, lutas de espadas implacáveis, maldições antigas e motivos conflitantes desafiarão sua busca compartilhada por vingança. Juntos, Hook e Silas navegam em águas desconhecidas para enfrentar o traiçoeiro Almirante Smee, embarcando em uma jornada que redefinirá o legado duradouro do Capitão Gancho."
8915,Especial Mulheres Inspiradoras,50.4162,5.7,247,2009-10-22,"Amelia Earhart foi a primeira mulher a completar a travessia do oceano Atlântico pilotando um avião. Este feito fez com que se tornasse uma celebridade nos Estados Unidos, onde passou a ser chamada de ""deusa da luz"" devido a sua ousadia e carisma. Seu fascínio pelo perigo inspirou até mesmo a primeira dama Eleanor Roosevelt. Casada com George Putnam, um magnata do mercado editorial, e tendo o piloto Gene Vidal como seu grande amigo, Amelia decide, em 1937, embarcar na mais arrojada de suas missões: dar a volta ao mundo em um voo solo."
1234821,Jurassic World: Recomeço,50.1766,6.4,2532,2025-07-01,"Cinco anos após os eventos de Jurassic World: Domínio, a ecologia do planeta se mostrou inóspita para os dinossauros, com os poucos sobreviventes vivendo isolados nas regiões equatoriais. Zora Bennett é contratada para liderar uma equipe de especialistas cujo objetivo é obter o material genético das três maiores criaturas, cujo DNA contém a chave para a criação de um medicamento que trará grandes benefícios à humanidade. Mas a operação se cruzará com uma família cujo barco virou, e todos acabarão em uma ilha proibida, ocupada por dinossauros de inúmeras espécies, onde terão que fazer o impossível para sobreviver."
1134278,Medo no Pacífico,49.6123,4.486,35,2024-07-11,Quatro amigas viajam para uma ilha na Polinésia Francesa em busca de ondas que ninguém surfou. Elas são levadas por um ex-militar que avisa a uma delas que o local foi apagado de todos os mapas e que ninguém nunca retornou de lá.
1215106,หมู่บ้านโคกะโหลก,45.4892,3.8,5,2025-11-06,
1010581,Minha Culpa,48.285,7.764,3925,2023-06-08,"Noah é obrigada a mudar de cidade, deixando seus amigos e namorado para trás, após sua mãe se casar com um novo marido rico. Lá ela conhece Nick, seu novo meio-irmão, e os dois se apaixonam loucamente, vivendo um grande romance proibido."
1522377,"Dois Mundos, Um Desejo",48.1932,9.3,4,2025-11-24,"Vinte e um anos depois de um encontro mágico em um hospital infantil, Bilge e Can de repente começam a ouvir a voz um do outro telepaticamente. O que parece um milagre logo revela um segredo escondido, pois o destino, ao reuni-los depois de décadas, lhes reserva muito mais. Uma aventura emocionante e uma história de amor épica os aguardam."
1299655,Blue Moon,47.5737,7.06,25,2025-10-17,"Na noite de 31 de março de 1943, o lendário letrista Lorenz Hart confronta sua autoconfiança abalada no bar Sardi's, enquanto seu antigo colaborador Richard Rodgers comemora a estreia de seu inovador musical de sucesso, ""Oklahoma!""."
793387,Holy Night: Demon Hunters,46.2691,6.7,69,2025-04-30,"Holy Night é uma equipe que luta contra grupos que adoram demônios. Os membros da equipe da Holy Night são Bau, Sharon e Kim Gun. A habilidade especial de Bau é sua poderosa força física. Sharon tem a habilidade de identificar demônios e realizar exorcismos. Kim Gun ajuda Bau e Sharon. Enquanto isso, a psiquiatra Jung Won visita a equipe da Noite Santa para salvar sua irmã mais nova, Eun Seo. Um demônio reside no corpo de Eun Seo."
1377505,Terror no Hospital Psiquiátrico,45.5744,5.038,13,2024-10-25,"Quando um paciente perigoso escapa do confinamento de um asilo psiquiátrico e começa a matar desenfreadamente, a equipe do turno noturno enfrenta seu pior pesadelo, enquanto luta pela sobrevivência."
1215106,หมู่บ้านโคกะโหลก,45.4892,3.8,5,2025-11-06,
1280450,Garota Roubada,44.6159,6.5,86,2025-09-04,"Uma mulher americana passa mais de dez anos procurando sua filha, sequestrada e levada para o Oriente Médio pelo pai, enfrentando perigos e desafios em sua busca incansável."
1156594,Nossa Culpa,44.5173,7.493,527,2025-10-15,"O casamento de Jenna e Lion marca o tão esperado reencontro entre Noah e Nick após o término. A incapacidade de Nick de perdoar Noah é uma barreira intransponível. Ele, herdeiro dos negócios do avô, e ela, iniciando a vida profissional, evitam alimentar uma chama ainda acesa. Mas, agora que seus caminhos se cruzaram novamente, será o amor mais forte que o ressentimento?"
507244,Caçadores do Fim do Mundo,43.6961,6.9,121,2025-08-20,"Uma década após uma tempestade solar devastar o planeta e eliminar toda a tecnologia, um ex-soldado sobrevive caçando tesouros perdidos para os poucos poderosos que ainda restam. Sua nova missão é recuperar a Mona Lisa, de Leonardo da Vinci. Ele se une uma outra caçadora e se vê em uma perigosa corrida contra um senhor da guerra implacável que também está atrás da relíquia. Cercado por enigmas e ameaças, terá que escolher entre se apegar ao passado ou lutar por um novo futuro.​"
1218762,Feliz Assalto!,43.5704,6.024,21,2025-11-25,Dois trabalhadores sem grana se unem para assaltar uma loja de departamentos de Londres em plena véspera de Natal. Mais fácil roubar o coração um do outro no caminho.
911430,F1 - O Filme,43.0711,7.8,2655,2025-06-25,"Sonny Hayes, a lenda do automobilismo, é persuadido a deixar a aposentadoria para liderar uma equipe de Fórmula 1 em dificuldades—e ser mentor de um jovem piloto famoso—enquanto busca mais uma oportunidade de glória."
1117857,Nos Seus Sonhos,43.0275,7.123,102,2025-11-07,Um casal de irmãos viaja pela paisagem absurda dos próprios sonhos para pedir ao Sandman que realize seu desejo de uma família perfeita.
1061474,Superman,42.556,7.414,3875,2025-07-09,"Superman, um jovem repórter de Metrópolis, embarca em uma jornada para reconciliar sua herança kryptoniana com sua criação humana como Clark Kent."
1323475,Borbulhas de Amor,41.7909,6.1,63,2025-11-18,Uma executiva americana vai a Paris disposta a comprar uma marca de champanhe antes do Natal e acaba se apaixonando pelo filho do fundador da empresa.
861451,O Guerreiro,40.1383,4.058,26,2024-10-11,"A jornada de um homem que descobre a si mesmo, encontra o amor e luta por sua terra natal - será que ele conseguirá manter o controle em todas as três frentes?"
1087192,Como Treinar o Seu Dragão,40.0727,7.987,2205,2025-06-06,"Na montanhosa Ilha de Berk, vikings e dragões são inimigos implacáveis há gerações, mas Soluço é diferente. Filho do Chefe Stoico, o Imenso, o criativo e subestimado Soluço desafia séculos de tradição ao fazer amizade com Banguela, um temido dragão Fúria da Noite. Essa relação improvável revela a verdadeira natureza dos dragões, abalando as bases da sociedade viking."
24428,Os Vingadores: The Avengers,39.4423,7.86,34130,2012-04-25,"Loki, o irmão de Thor, ganha acesso ao poder ilimitado do cubo cósmico ao roubá-lo de dentro das instalações da S.H.I.E.L.D. Nick Fury, o diretor desta agência internacional que mantém a paz, logo reúne os únicos super-heróis que serão capazes de defender a Terra de ameaças sem precedentes. Homem de Ferro, Capitão América, Hulk, Thor, Viúva Negra e Gavião Arqueiro formam o time dos sonhos de Fury, mas eles precisam aprender a colocar os egos de lado e agir como um grupo em prol da humanidade."
106,O Predador,38.6162,7.5,8664,1987-06-12,"O major Alan ""Dutch"" Schaefer lidera uma equipe de resgate em uma selva da América Central, para tentar encontrar um ministro estrangeiro e funcionários do governo que saíram da rota e se perderam. O exército acredita que eles estejam nas mãos de guerrilheiros, mas o que eles não imaginam é que a floresta esconde uma ameaça mortal, um ser de outro planeta, fortemente armado, que sente enorme prazer em matar."
1246049,Drácula - Uma História de Amor Eterno,38.6131,7.1,443,2025-07-30,"Na trama, após a morte de sua esposa, um príncipe do século XV renuncia a Deus e se torna um vampiro. Séculos depois, na Londres do século XIX, ele vê uma mulher parecida com sua falecida esposa e a persegue, selando seu próprio destino."
1096563,O Fim da Lealdade,38.4142,5.4,7,2023-03-07,"Grant faz parte de uma família de criminosos e jura vingança após o assassinato de seu pai. Conforme sua dor se transforma em violência, cabe ao seu melhor amigo, um agente federal, fazer de tudo para impedi-lo de perder o controle."
1305717,Hunting Grounds,38.0181,6.7,61,2025-05-16,"Uma mãe que foge do marido ligado à máfia encontra abrigo com um andarilho chamado Jake, mas quando os capangas dele se aproximam, Jake se revela ainda mais perigoso do que quem ela tentava evitar."
1135429,Nanoshark,38.0115,2.0,4,2024-03-05,
1210732,Un ours dans le Jura,37.9387,6.479,213,2025-01-01,
1007734,Anônimo 2,37.617,7.057,996,2025-08-13,"O pai suburbano Hutch Mansell, ex-assassino letal, é levado de volta ao seu passado violento depois de impedir uma invasão domiciliar, desencadeando uma cadeia de eventos que revela segredos sobre o passado de sua esposa Becca."
157336,Interestelar,37.1433,8.463,38291,2014-11-05,"As reservas naturais da Terra estão chegando ao fim e um grupo de astronautas recebe a missão de verificar possíveis planetas para receberem a população mundial, possibilitando a continuação da espécie. Cooper é chamado para liderar o grupo e aceita a missão sabendo que pode nunca mais ver os filhos. Ao lado de Brand, Jenkins e Doyle, ele seguirá em busca de um novo lar."
1035259,Corra Que a Polícia Vem Aí!,37.0417,6.515,1110,2025-07-30,Apenas um homem tem as habilidades necessárias para liderar o Esquadrão Policial e salvar o mundo.
1257009,Guerra Primitiva,36.4948,6.822,166,2025-08-21,"Durante a Guerra do Vietnã, uma unidade de reconhecimento se aventura em um vale isolado na selva para descobrir o destino de um pelotão desaparecido. Logo eles se veem em uma luta por suas vidas contra um inimigo inesperado: dinossauros pré-históricos."
278,Um Sonho de Liberdade,36.4946,8.712,29271,1994-09-23,"Em 1946, Andy Dufresne, um banqueiro jovem e bem sucedido, tem a sua vida radicalmente modificada ao ser condenado por um crime que nunca cometeu, o homicídio de sua esposa e do amante dela. Ele é mandado para uma prisão que é o pesadelo de qualquer detento, a Penitenciária Estadual de Shawshank, no Maine. Lá ele irá cumprir a pena perpétua. Andy logo será apresentado a Warden Norton, o corrupto e cruel agente penitenciário, que usa a Bíblia como arma de controle e ao Capitão Byron Hadley que trata os internos como animais. Andy faz amizade com Ellis Boyd Redding, um prisioneiro que cumpre pena há 20 anos e controla o mercado negro da instituição."
1284120,A Meia-Irmã Feia,36.4883,7.335,701,2025-03-07,"Em um reino de conto de fadas onde a beleza é um negócio brutal, Elvira luta para competir com sua meia-irmã incrivelmente linda, e ela fará de tudo para chamar a atenção do príncipe. Uma versão moderna e bem diferente do Conto da ""Cinderela""."
83533,Avatar: Fogo e Cinzas,36.248,0.0,0,2025-12-17,"Após a devastadora guerra contra a RDA e a perda de seu filho mais velho, Jake Sully e Neytiri enfrentam uma nova ameaça em Pandora: o Povo das Cinzas, uma tribo Na'vi violenta e sedenta por poder, liderada pelo implacável Varang. A família de Jake deve lutar por sua sobrevivência e pelo futuro de Pandora em um conflito que os leva aos seus limites emocionais e físicos."
1403735,లైలా,36.1025,5.2,6,2025-02-14,
1266990,Kulong,35.8109,6.0,7,2024-05-24,
1425122,Um Natal Bem Jonas Brothers,35.7935,6.554,56,2025-11-10,Os Jonas Brothers têm dificuldades a chegar a casa a tempo de passar o Natal com as suas famílias.
1175942,Os Caras Malvados 2,35.1063,7.75,533,2025-07-24,"Os agora reformados Bad Guys estão tentando (muito, muito mesmo) ser bons, mas em vez disso se veem sequestrados para um assalto de alto risco e alcance mundial, arquitetado por uma nova equipe de criminosos que eles nunca imaginaram: as Bad Girls."
1316147,Grand Prix: A Toda Velocidade,34.5993,7.3,20,2025-07-24,"Edda, uma jovem ratinha e filha do operador de parque de diversões Erwin, sonha em se tornar uma piloto de corrida. Antes do 50º aniversário do Grande Prêmio da Europa, Edda tem a oportunidade de conhecer seu ídolo, o astro das corridas Ed, e ajudar seu pai a salvar seu negócio falido. Mas, para isso, ela terá que assumir o volante sozinha."
372058,Your name.,33.8287,8.479,12119,2016-08-26,"Mitsuha é a filha do prefeito de uma pequena cidade, mas sonha em tentar a sorte em Tóquio. Taki trabalha em um restaurante em Tóquio e deseja largar o seu emprego. Os dois não se conhecem, mas estão conectados pelas imagens de seus sonhos."
77250,O Furacão,33.7735,6.7,48,1937-11-09,"Ao passar de navio por uma ilha dos Mares do Sul deserta e em ruínas, o médico francês, Dr. Kersaint, conta a uma amiga a trágica história do desastre que destruiu o lugar. O nome da ilha é Manukura, uma colônia francesa governada pelo Senhor De Laage. Ele estava em conflito com os nativos pois se recusava a interceder em favor de Terangi, um herói local que servia como imediato em um navio mercante e era casado com a bela Marama. Terangi fora preso ao bater em um importante homem branco num bar no Taiti e fugira depois de oito anos, reencontrando a família após navegar em uma balsa por mais de mil quilômetros. Esse momento coincide com a chegada de um terrível furacão que vai devastar a ilha."
1229910,Kryptic,33.4162,5.15,20,2025-06-09,
1142101,A Vingança Não é um Jogo,33.3955,5.167,27,2024-02-03,Uma mãe de luto usa um jogo de realidade virtual para atrapalhar a viagem de fim de semana de seus antigos amigos. Mas o que começa como um exercício de cura terapêutica se transforma em uma noite de vingança.
62201,शहँशाह,33.3726,6.2,23,1988-01-29,
338969,O Vingador Tóxico,33.1977,6.2,205,2025-08-28,"Um terrível acidente tóxico transforma o zelador Winston Gooze, doente terminal, em uma nova evolução de herói: o Vingador Tóxico. Agora, empunhando um esfregão brilhante com força sobre-humana, ele precisa correr contra o tempo para salvar seu filho e deter um tirano implacável e sedento de poder, determinado a usar superpoderes tóxicos para fortalecer seu império poluído."
10483,Corrida Mortal,32.9348,6.29,3983,2008-08-22,"Jensen Ames é um ex-piloto profissional condenado por um terrível assassinato. Encarcerado em Terminal Island, uma prisão de segurança máxima com regras próprias, ele se vê obrigado a voltar às pistas e participar de uma competição mortal cujo vencedor pode conquistar a liberdade. O problema é que lá a corrida e os competidores são diferentes, enquanto a vontade de matar e ser livre correm lado a lado."
